Date,% WEIGHTED ILI,ILITOTAL,%UNWEIGHTED ILI,AGE 0-4,AGE 65,NUM. OF PROVIDERS,TOTAL PATIENTS
2002/1/1,1.22262,2060,1.16668,582,149,754,176569
2002/1/8,1.33344,2267,1.2165,683,127,785,186355
2002/1/15,1.31929,2176,1.13057,642,113,831,192469
2002/1/22,1.49484,2599,1.25246,728,154,863,207512
2002/1/29,1.47195,2907,1.30237,823,154,909,223208
2002/2/5,1.58094,3225,1.40551,887,180,930,229454
2002/2/12,1.49426,3097,1.38437,851,175,923,223712
2002/2/19,1.40569,2967,1.32563,802,182,922,223818
2002/2/26,1.6141,2709,1.43475,834,186,918,188814
2002/3/5,1.45967,3049,1.25433,857,206,937,243078
2002/3/12,1.59896,2957,1.25757,804,182,928,235136
2002/3/19,2.16697,3416,1.58017,951,212,908,216179
2002/3/26,2.57842,2857,1.98008,915,177,865,144287
2002/4/2,2.38636,3260,1.90428,1028,251,879,171193
2002/4/9,1.73621,3729,1.5901,1068,274,926,234513
2002/4/16,2.06296,4204,1.81559,1154,241,902,231550
2002/4/23,2.58113,5696,2.41801,1373,221,927,235566
2002/4/30,2.93909,7079,2.86635,1411,282,884,246969
2002/5/7,3.22539,7782,3.16662,1606,308,889,245751
2002/5/14,3.06982,7649,3.0155,1568,291,903,253656
2002/5/21,3.20044,7228,2.9978,1694,308,871,241110
2002/5/28,2.44888,5606,2.31957,1336,287,857,241683
2002/6/4,2.1344,4450,1.94707,1015,247,839,228549
2002/6/11,1.99866,3810,1.72985,880,274,835,220250
2002/6/18,1.93849,2987,1.51837,737,156,795,196724
2002/6/25,1.41293,2439,1.22616,624,159,775,198913
2002/7/2,1.23472,2028,1.05433,506,135,741,192349
2002/7/9,1.20005,2082,1.07108,569,163,735,194383
2002/7/16,0.910135,1467,0.82612,440,106,669,177577
2002/7/23,0.932265,1445,0.820505,429,114,682,176111
2002/7/30,0.692175,1075,0.630846,275,84,655,170406
2002/8/6,0.669406,1005,0.63935,215,74,613,157191
2002/8/13,0.727705,836,0.586609,248,70,547,142514
2002/8/20,0.717701,740,0.773024,264,45,406,95728
2002/8/27,0.789394,641,0.790743,213,44,393,81063
2002/9/3,0.722129,563,0.711847,201,34,344,79090
2002/9/10,0.591326,620,0.794637,198,55,341,78023
2002/9/17,0.52307,423,0.586604,139,34,322,72110
2002/9/24,0.450236,441,0.615982,122,32,322,71593
2002/10/1,0.397421,318,0.491507,109,24,310,64699
2002/10/8,0.448002,441,0.604341,137,43,308,72972
2002/10/15,0.474767,365,0.524478,98,53,301,69593
2002/10/22,0.453251,420,0.590692,112,48,302,71103
2002/10/29,0.352158,361,0.505135,100,39,290,71466
2002/11/5,0.525322,443,0.634271,136,46,295,69844
2002/11/12,0.492991,421,0.610118,120,37,283,69003
2002/11/19,0.542728,450,0.641227,159,27,277,70178
2002/11/26,0.490347,463,0.661429,166,30,276,70000
2002/12/3,0.735914,519,0.792681,177,36,271,65474
2002/12/10,0.581771,475,0.639059,145,24,267,74328
2002/12/17,0.654162,461,0.636732,136,26,264,72401
2002/12/24,0.749504,533,0.747829,135,34,268,71273
2002/12/31,0.884021,2442,0.960873,808,146,830,254144
2003/1/7,1.02773,2932,1.04325,913,191,931,281045
2003/1/14,1.28296,3031,1.0545,878,195,974,287436
2003/1/21,1.32661,3475,1.11231,1006,216,1007,312412
2003/1/28,1.77304,4690,1.41274,1207,276,1074,331980
2003/2/4,2.43814,5790,1.72703,1542,264,1111,335258
2003/2/11,2.72605,8385,2.407,2185,310,1141,348359
2003/2/18,3.73192,11141,3.10962,2561,471,1129,358275
2003/2/25,4.54894,11742,4.30779,3247,672,1118,272576
2003/3/4,5.39906,18948,4.8303,4734,1067,1189,392274
2003/3/11,7.38735,24962,6.42905,6620,1219,1173,388269
2003/3/18,7.48097,23699,6.86734,6434,1508,1148,345097
2003/3/25,7.62797,16415,7.06496,5336,1331,1122,232344
2003/4/1,5.14051,11332,4.55115,3391,1220,1139,248992
2003/4/8,2.89129,7602,2.41833,1930,768,1160,314349
2003/4/15,2.10429,5583,1.80906,1679,461,1141,308614
2003/4/22,1.88696,4961,1.71202,1721,360,1084,289774
2003/4/29,1.7766,4436,1.5425,1487,339,1071,287586
2003/5/6,1.46001,4251,1.43787,1454,302,1054,295646
2003/5/13,1.37787,3824,1.32427,1420,218,986,288762
2003/5/20,1.30532,3691,1.30726,1301,259,1004,282347
2003/5/27,1.08691,2916,1.03698,956,203,948,281202
2003/6/3,0.991888,2744,1.01032,925,227,894,271597
2003/6/10,1.02765,2708,1.05249,878,178,897,257294
2003/6/17,1.0579,2487,1.02009,730,175,849,243802
2003/6/24,0.849361,2300,0.924419,760,179,859,248805
2003/7/1,0.747127,1858,0.790645,610,142,828,234998
2003/7/8,0.661708,1705,0.80261,583,116,774,212432
2003/7/15,0.679514,1749,0.83613,545,131,755,209178
2003/7/22,0.633071,1615,0.792436,501,142,679,203802
2003/7/29,0.569894,1331,0.683588,470,108,658,194708
2003/8/5,0.591357,1394,0.757452,435,85,629,184038
2003/8/12,0.589044,1327,0.788585,449,74,599,168276
2003/8/19,0.67864,1262,0.812171,451,94,553,155386
2003/8/26,0.637558,1070,0.804463,375,66,463,133008
2003/9/2,0.813309,1061,0.877701,391,73,452,120884
2003/9/9,0.834551,987,0.741453,355,66,443,133117
2003/9/16,0.616174,851,0.661022,307,46,426,128740
2003/9/23,0.513286,887,0.715109,277,81,423,124037
2003/9/30,0.351881,698,0.562241,238,62,408,124146
2003/10/7,0.542621,710,0.786808,233,62,381,90238
2003/10/14,0.581036,836,0.860658,249,80,378,97135
2003/10/21,0.495486,659,0.689944,259,38,370,95515
2003/10/28,0.61209,719,0.779691,260,40,363,92216
2003/11/4,0.531491,733,0.628144,213,60,345,116693
2003/11/11,0.519987,809,0.902459,243,63,334,89644
2003/11/18,0.574476,770,0.806443,256,58,335,95481
2003/11/25,0.663175,799,0.874888,259,44,333,91326
2003/12/2,0.614691,960,0.993213,279,71,326,96656
2003/12/9,0.656823,913,0.876141,281,60,337,104207
2003/12/16,0.723016,1122,0.948092,342,68,341,118343
2003/12/23,0.691857,1089,0.926943,322,83,336,117483
2003/12/30,0.782758,1116,0.971643,333,82,364,114857
2004/1/6,0.982275,3171,0.897159,877,185,1176,353449
2004/1/13,1.01821,3631,1.02248,1071,216,1187,355116
2004/1/20,1.1768,4019,1.06296,1240,226,1267,378094
2004/1/27,1.30121,4369,1.14696,1190,285,1293,380921
2004/2/3,1.27746,4551,1.20495,1327,291,1302,377692
2004/2/10,1.40387,4969,1.30517,1497,319,1344,380718
2004/2/17,1.40301,4983,1.28699,1531,299,1336,387182
2004/2/24,1.73975,4713,1.59468,1490,271,1341,295546
2004/3/2,1.56894,5407,1.39714,1538,376,1369,387004
2004/3/9,1.65927,5428,1.44996,1551,375,1346,374356
2004/3/16,1.81341,5755,1.61745,1670,371,1379,355806
2004/3/23,2.37626,5689,2.19112,1856,418,1288,259639
2004/3/30,2.77052,7279,2.56649,2252,621,1332,283617
2004/4/6,2.40064,8041,2.17645,2010,712,1383,369455
2004/4/13,2.54155,8323,2.20171,2188,611,1342,378024
2004/4/20,2.85871,9328,2.53012,2199,608,1348,368678
2004/4/27,3.55011,12422,3.06524,2747,725,1334,405254
2004/5/4,4.58591,16192,3.98061,3086,958,1303,406772
2004/5/11,5.05809,19369,4.59568,3626,1132,1324,421461
2004/5/18,5.44151,19931,4.75197,3834,1182,1330,419426
2004/5/25,4.4729,16630,4.17962,3720,1026,1280,397883
2004/6/1,3.6752,13234,3.45359,2997,836,1268,383196
2004/6/8,3.3353,11601,3.15852,2728,745,1227,367292
2004/6/15,2.76224,9502,2.6732,2416,604,1185,355454
2004/6/22,2.46844,7900,2.35161,2145,550,1148,335940
2004/6/29,2.00081,6329,1.89243,1827,390,1103,334438
2004/7/6,1.54319,4816,1.5249,1422,330,1048,315823
2004/7/13,1.50195,4445,1.41134,1356,317,1000,314948
2004/7/20,1.22918,3825,1.25068,1096,306,978,305833
2004/7/27,1.21854,3646,1.20702,1117,224,971,302065
2004/8/3,1.15832,2990,1.07895,903,189,923,277120
2004/8/10,1.249,3012,1.14521,979,208,878,263009
2004/8/17,1.16888,2531,1.06124,805,200,825,238494
2004/8/24,1.07888,2056,1.0568,687,156,687,194550
2004/8/31,1.23059,2099,1.25193,693,160,637,167661
2004/9/7,1.14747,1744,1.01419,548,140,603,171960
2004/9/14,1.00254,1614,1.04197,573,125,582,154899
2004/9/21,0.957569,1628,0.954027,580,110,587,170645
2004/9/28,0.894837,1359,0.84823,497,84,550,160216
2004/10/5,0.798205,1198,0.841872,426,69,533,142302
2004/10/12,0.757812,1148,0.730894,389,75,524,157068
2004/10/19,0.825963,1068,0.713432,333,68,507,149699
2004/10/26,0.744927,990,0.670677,328,56,492,147612
2004/11/2,0.787049,982,0.689278,331,58,488,142468
2004/11/9,0.684724,1023,0.704929,319,57,479,145121
2004/11/16,0.747361,928,0.615903,330,47,480,150673
2004/11/23,0.673974,922,0.609426,292,54,428,151290
2004/11/30,0.869662,1033,0.680259,342,51,420,151854
2004/12/7,0.899529,1061,0.775488,338,63,416,136817
2004/12/14,0.854635,1026,0.683421,302,52,408,150127
2004/12/21,1.01123,1219,0.781075,368,50,419,156067
2004/12/28,0.977808,1204,0.806943,381,63,447,149205
2005/1/4,1.17778,3586,1.07635,1172,234,1113,333164
2005/1/11,1.21947,3582,1.05869,1285,197,1160,338343
2005/1/18,1.3069,4122,1.11523,1393,212,1216,369609
2005/1/25,1.33931,4248,1.12381,1439,213,1237,377999
2005/2/1,1.58374,5005,1.25489,1639,282,1280,398840
2005/2/8,1.47072,5038,1.33661,1563,295,1272,376924
2005/2/15,1.6112,5276,1.37864,1679,315,1277,382697
2005/2/22,1.82699,4802,1.60829,1666,294,1301,298578
2005/3/1,1.77482,5966,1.48311,1858,349,1325,402264
2005/3/8,1.94451,6371,1.65374,1987,387,1328,385248
2005/3/15,2.35512,7697,2.00679,2241,396,1318,383548
2005/3/22,3.10878,8577,2.56857,2696,530,1287,333921
2005/3/29,3.28238,8842,3.05278,2678,721,1273,289638
2005/4/5,2.62914,8339,2.42504,2422,734,1319,343871
2005/4/12,2.2515,7882,2.00195,2272,534,1339,393716
2005/4/19,2.35858,7858,2.05869,2249,460,1297,381699
2005/4/26,2.41881,9114,2.21277,2643,544,1331,411882
2005/5/3,2.52752,9551,2.3222,2612,498,1320,411291
2005/5/10,2.64954,10427,2.49279,2754,537,1311,418286
2005/5/17,3.12935,11226,2.79489,2624,631,1288,401661
2005/5/24,3.12442,11901,2.96911,2753,791,1288,400827
2005/5/31,3.13099,11343,2.83959,2579,767,1275,399459
2005/6/7,3.08261,11261,2.77799,2564,678,1257,405365
2005/6/14,2.64431,9322,2.47287,2330,607,1241,376971
2005/6/21,2.42295,8064,2.18061,1895,541,1217,369804
2005/6/28,2.31141,7313,2.0168,1697,478,1165,362605
2005/7/5,1.86383,5738,1.64101,1437,342,1133,349662
2005/7/12,1.44943,4547,1.35829,1181,285,1087,334760
2005/7/19,1.30227,3550,1.1428,959,239,1045,310641
2005/7/26,1.13459,3177,1.04031,836,180,1017,305389
2005/8/2,1.06255,2780,0.964347,745,190,958,288278
2005/8/9,1.03428,2592,0.937982,745,187,919,276338
2005/8/16,1.01791,2428,0.947449,715,162,877,256267
2005/8/23,0.918151,2061,0.891918,699,146,783,231075
2005/8/30,0.93099,1645,0.864643,572,108,649,190252
2005/9/6,0.857294,2075,0.97032,754,131,635,213847
2005/9/13,0.786294,1430,0.84439,514,81,615,169353
2005/9/20,0.719426,1300,0.77487,463,100,610,167770
2005/9/27,0.718868,1271,0.821372,466,92,572,154741
2005/10/4,0.774807,1215,0.872745,437,71,565,139216
2005/10/11,0.76598,1617,0.922635,549,108,577,175259
2005/10/18,0.642809,1553,0.899487,541,112,564,172654
2005/10/25,0.622033,1455,0.843082,502,128,564,172581
2005/11/1,0.616326,1428,0.881824,508,88,551,161937
2005/11/8,0.685694,1373,0.817145,473,82,547,168024
2005/11/15,0.622697,1457,0.8715,510,91,536,167183
2005/11/22,0.611817,1138,0.738621,404,76,503,154071
2005/11/29,0.638831,1224,0.797966,398,77,488,153390
2005/12/6,0.806627,1463,1.01394,492,69,491,144289
2005/12/13,0.762448,1406,0.880936,446,78,487,159603
2005/12/20,0.813406,1487,0.943366,511,80,455,157627
2005/12/27,0.807934,1433,0.891546,476,81,469,160732
2006/1/3,1.15384,4513,1.20322,1434,264,1323,375076
2006/1/10,1.14819,4072,1.05788,1278,200,1361,384920
2006/1/17,1.22736,4737,1.13054,1543,265,1425,419005
2006/1/24,1.21744,4888,1.12552,1582,224,1445,434287
2006/1/31,1.32813,5380,1.20808,1672,281,1473,445334
2006/2/7,1.47754,6139,1.34952,2112,314,1497,454901
2006/2/14,1.5339,6668,1.4689,2355,290,1474,453945
2006/2/21,1.91269,6156,1.82767,2188,357,1488,336822
2006/2/28,1.838,7530,1.6656,2573,391,1486,452089
2006/3/7,1.95376,8122,1.85968,2643,431,1493,436741
2006/3/14,2.40407,10396,2.38891,3270,479,1492,435177
2006/3/21,2.87453,10192,2.78978,3387,503,1435,365334
2006/3/28,3.02597,8913,3.11549,3243,586,1359,286087
2006/4/4,2.37817,8386,2.26942,2927,584,1490,369521
2006/4/11,2.09232,7761,1.86355,2507,480,1467,416464
2006/4/18,2.29396,7909,1.99986,2548,412,1470,395477
2006/4/25,2.74501,10888,2.4406,3410,537,1495,446119
2006/5/2,3.04434,12120,2.83018,3456,457,1472,428241
2006/5/9,3.49999,14197,3.12343,3840,452,1484,454533
2006/5/16,3.57851,14031,3.27019,3879,529,1461,429057
2006/5/23,3.28979,14048,3.17757,3728,608,1460,442099
2006/5/30,2.89149,11801,2.72364,3016,578,1428,433281
2006/6/6,2.62075,10715,2.50201,2798,447,1408,428255
2006/6/13,2.53387,9597,2.4272,2668,472,1361,395394
2006/6/20,2.07251,7562,1.96041,2049,349,1333,385735
2006/6/27,1.87084,6148,1.5914,1664,351,1303,386327
2006/7/4,1.40042,4958,1.36978,1445,331,1284,361955
2006/7/11,1.46887,4869,1.36317,1429,345,1240,357183
2006/7/18,1.15514,4179,1.1737,1257,287,1206,356055
2006/7/25,1.07901,3695,1.06358,1152,220,1152,347413
2006/8/1,0.98492,3077,0.969711,969,210,1119,317311
2006/8/8,1.03325,2860,0.965362,917,175,1057,296262
2006/8/15,0.926649,2442,0.856749,815,176,1025,285031
2006/8/22,0.9201,2243,0.863346,761,136,925,259803
2006/8/29,0.954094,2058,0.93537,722,130,831,220020
2006/9/5,0.763278,1679,0.745569,628,119,796,225197
2006/9/12,0.81722,1614,0.740428,598,134,771,217982
2006/9/19,0.764586,1456,0.672897,521,100,749,216378
2006/9/26,0.793127,1455,0.666282,514,102,742,218376
2006/10/3,0.66909,1169,0.662747,394,102,711,176387
2006/10/10,0.62115,1086,0.545619,366,52,697,199040
2006/10/17,0.603659,1211,0.586231,446,85,698,206574
2006/10/24,0.649058,1356,0.660687,477,96,691,205241
2006/10/31,0.568338,1037,0.534093,321,61,677,194161
2006/11/7,0.651546,1172,0.585549,389,78,667,200154
2006/11/14,0.652176,1283,0.618075,439,95,666,207580
2006/11/21,0.803849,1448,0.687465,495,88,671,210629
2006/11/28,0.787458,1526,0.715696,502,108,652,213219
2006/12/5,0.943263,1554,0.829313,519,73,641,187384
2006/12/12,0.946932,1694,0.800912,496,99,638,211509
2006/12/19,0.987146,1913,0.918484,609,121,632,208278
2006/12/26,1.05206,2228,0.814259,729,128,703,273623
2007/1/2,0.995184,5641,1.07197,2187,290,1373,526227
2007/1/9,1.22003,6444,1.21786,2387,303,1429,529126
2007/1/16,1.28548,6941,1.24576,2583,352,1449,557172
2007/1/23,1.3775,7434,1.35984,2871,375,1477,546680
2007/1/30,1.46725,7915,1.44671,3074,368,1485,547104
2007/2/6,1.55841,8687,1.53286,3398,377,1539,566717
2007/2/13,1.61958,9104,1.66653,3563,471,1516,546284
2007/2/20,1.8112,8570,1.97488,3651,476,1523,433951
2007/2/27,1.61865,9171,1.67305,3679,413,1513,548159
2007/3/6,1.62124,8436,1.63405,3365,392,1487,516263
2007/3/13,1.67351,8091,1.74595,3298,402,1453,463416
2007/3/20,1.95096,8750,1.93643,3580,459,1420,451862
2007/3/27,2.50019,8902,2.48905,3848,522,1426,357646
2007/4/3,2.43939,9706,2.25405,3737,670,1486,430603
2007/4/10,2.29319,11115,2.09147,3393,816,1509,531444
2007/4/17,2.62907,12197,2.35934,3664,595,1511,516966
2007/4/24,3.92966,17171,3.32331,4289,722,1508,516683
2007/5/1,4.99202,24812,4.43381,5222,1021,1514,559609
2007/5/8,5.7776,31896,5.34547,6059,1302,1526,596692
2007/5/15,5.98318,31625,5.42258,6244,1558,1518,583210
2007/5/22,5.61677,30245,5.30303,5922,1728,1497,570334
2007/5/29,4.53234,25027,4.24456,4978,1508,1453,589626
2007/6/5,3.83249,20254,3.628,4420,1204,1445,558269
2007/6/12,3.21522,16714,3.03463,3878,1048,1412,550776
2007/6/19,2.69245,13040,2.53595,3153,874,1395,514205
2007/6/26,2.03366,10376,2.0573,2689,796,1379,504350
2007/7/3,1.65275,8583,1.7415,2372,642,1327,492850
2007/7/10,1.3113,7045,1.40652,2045,486,1318,500881
2007/7/17,1.1652,6079,1.26861,1857,407,1288,479187
2007/7/24,1.02035,4953,1.07719,1572,323,1208,459808
2007/7/31,0.877607,4224,0.993445,1466,235,1147,425187
2007/8/7,0.825107,4011,0.911212,1356,208,1098,440183
2007/8/14,0.787315,3904,0.972109,1439,211,1074,401601
2007/8/21,0.805439,3646,0.993258,1393,211,945,367075
2007/8/28,0.886061,3803,1.09132,1473,243,869,348477
2007/9/4,0.743743,2933,0.888446,1159,139,789,330127
2007/9/11,0.706842,2906,0.887691,1113,187,764,327366
2007/9/18,0.655943,2842,0.883187,1115,160,755,321789
2007/9/25,0.633492,2534,0.826756,937,133,730,306499
2007/10/2,0.571837,2405,0.783201,913,155,713,307073
2007/10/9,0.558278,2431,0.78061,881,132,710,311423
2007/10/16,0.597893,2319,0.769073,826,171,696,301532
2007/10/23,0.577222,2166,0.721298,779,131,694,300292
2007/10/30,0.596987,2289,0.752527,788,139,676,304175
2007/11/6,0.564653,2220,0.752721,679,216,668,294930
2007/11/13,0.585682,2368,0.792766,789,184,657,298701
2007/11/20,0.503985,2237,0.743896,730,134,657,300714
2007/11/27,0.468139,2429,0.814166,794,127,636,298342
2007/12/4,0.576455,2461,0.838401,774,144,666,293535
2007/12/11,0.681361,2788,0.851124,859,177,685,327567
2007/12/18,0.794764,3735,1.10976,1062,188,679,336560
2007/12/25,0.868116,3400,1.03114,983,179,716,329731
2008/1/1,1.06828,5687,1.02284,1535,324,1435,555999
2008/1/8,1.00756,5959,1.03017,1861,322,1500,578446
2008/1/15,0.979399,5896,1.01245,1869,341,1525,582351
2008/1/22,1.04943,6485,1.08359,1976,367,1527,598473
2008/1/29,1.13218,6987,1.16578,2119,452,1545,599343
2008/2/5,1.13156,7297,1.1913,2276,372,1555,612526
2008/2/12,1.15469,7667,1.28075,2512,412,1555,598635
2008/2/19,1.20448,7733,1.27053,2600,412,1563,608646
2008/2/26,1.36081,7634,1.59578,3024,457,1523,478386
2008/3/4,1.30322,8708,1.4585,3114,469,1551,597052
2008/3/11,1.30204,8689,1.49921,3252,439,1543,579573
2008/3/18,1.45109,7812,1.62982,3137,456,1416,479318
2008/3/25,1.79927,8706,2.15561,3897,495,1484,403876
2008/4/1,2.12134,8603,2.02053,3814,584,1490,425780
2008/4/8,1.47138,8956,1.54566,3245,557,1539,579428
2008/4/15,1.61555,9289,1.64224,3142,473,1512,565631
2008/4/22,1.95333,11456,1.96524,3602,436,1566,582932
2008/4/29,2.42907,14324,2.34368,4039,468,1554,611176
2008/5/6,2.96686,18268,2.86057,4606,540,1580,638613
2008/5/13,3.57354,21667,3.3421,5064,752,1569,648304
2008/5/20,3.36653,20022,3.20566,4848,638,1543,624583
2008/5/27,3.2962,20450,3.10049,4694,657,1544,659573
2008/6/3,3.17227,18441,2.95819,4420,633,1534,623389
2008/6/10,2.5804,15711,2.46381,4046,618,1524,637672
2008/6/17,2.42922,13277,2.19272,3657,582,1494,605503
2008/6/24,1.99028,11400,1.87395,3237,450,1470,608342
2008/7/1,1.72423,9669,1.64817,2829,399,1440,586651
2008/7/8,1.60355,8460,1.49878,2577,391,1422,564460
2008/7/15,1.28418,7222,1.29233,2371,363,1415,558837
2008/7/22,1.2932,7348,1.27164,2353,397,1445,577836
2008/7/29,2.74012,18627,2.98159,4821,670,1405,624734
2008/8/5,2.22391,14578,2.43702,3920,562,1422,598189
2008/8/12,1.76657,12554,2.2813,3236,412,1372,550300
2008/8/19,1.92171,20774,3.81572,4188,424,1331,544432
2008/8/26,1.8611,22394,4.21315,4496,487,1314,531526
2008/9/2,1.68423,17105,3.17832,3865,412,1305,538177
2008/9/9,1.7393,12392,2.50972,3072,384,1296,493761
2008/9/16,1.83001,10780,2.06632,2623,333,1280,521701
2008/9/23,1.58128,8801,1.71805,2299,326,1279,512268
2008/9/30,1.49172,7422,1.55965,2145,361,1237,475877
2008/10/7,1.389,6290,1.30856,1701,293,1246,480680
2008/10/14,1.34702,5964,1.18695,1581,238,1248,502466
2008/10/21,1.16056,5735,1.13796,1608,231,1248,503971
2008/10/28,1.2085,5587,1.15005,1519,294,1254,485804
2008/11/4,1.15544,5526,1.11262,1651,263,1230,496666
2008/11/11,1.14518,5877,1.16142,1645,265,1234,506019
2008/11/18,1.4664,8941,1.64107,2167,396,1286,544827
2008/11/25,2.38017,14556,2.47166,2883,443,1320,588916
2008/12/2,3.44681,21350,3.71969,3713,541,1358,573972
2008/12/9,4.05315,22561,3.94975,4087,520,1367,571201
2008/12/16,4.26621,26091,4.08756,4445,652,1380,638302
2008/12/23,4.21579,24454,4.01897,4462,588,1313,608464
2008/12/30,4.8861,27919,4.60362,4974,564,1331,606458
2009/1/6,6.06923,48420,5.66087,9302,903,2056,855346
2009/1/13,7.09467,58196,6.81522,11527,1013,2134,853912
2009/1/20,7.7151,69068,7.61889,13187,1070,2162,906536
2009/1/27,7.55134,66411,7.38836,13174,1128,2167,898860
2009/2/3,6.67118,57017,6.33927,12161,1074,2197,899425
2009/2/10,5.20633,42729,4.94349,10151,978,2191,864348
2009/2/17,4.04477,32520,3.80996,8979,883,2157,853552
2009/2/24,3.49722,22508,3.44106,7716,771,2146,654101
2009/3/3,2.69023,21730,2.66773,7195,818,2122,814550
2009/3/10,2.47119,19325,2.47183,6490,715,2093,781811
2009/3/17,2.44773,17081,2.345,6275,659,2014,728401
2009/3/24,2.64594,14575,2.71435,6078,644,1934,536961
2009/3/31,2.61567,15613,2.67667,6598,803,1937,583299
2009/4/7,1.90712,14299,1.98284,4998,763,1996,721138
2009/4/14,1.86738,14088,1.82749,4877,622,2016,770895
2009/4/21,1.88072,14757,1.92606,5399,578,2053,766177
2009/4/28,1.96908,15122,1.92495,5333,528,2026,785580
2009/5/5,2.11387,16037,2.08877,5816,550,1996,767773
2009/5/12,2.09695,15381,2.03434,5496,658,1977,756068
2009/5/19,1.90294,15065,1.97649,5388,498,1954,762208
2009/5/26,1.96951,16087,1.99362,5040,679,1990,806925
2009/6/2,1.92331,14486,1.85383,4281,672,1953,781411
2009/6/9,1.89659,14354,1.8673,4612,700,1946,768702
2009/6/16,1.75181,12601,1.69987,4063,628,1933,741293
2009/6/23,1.52632,11191,1.49741,3625,534,1917,747358
2009/6/30,1.49572,10359,1.45112,3408,528,1875,713863
2009/7/7,1.22313,8813,1.20715,3090,428,1850,730068
2009/7/14,1.17754,8801,1.17415,3117,404,1831,749563
2009/7/21,1.09112,8362,1.16207,2921,414,1765,719580
2009/7/28,1.11958,8440,1.17213,3081,395,1755,720054
2009/8/4,1.08169,7914,1.12168,2781,365,1710,705551
2009/8/11,1.12497,7697,1.14981,2851,347,1664,669414
2009/8/18,1.06197,7603,1.13328,2816,372,1624,670887
2009/8/25,1.08909,6853,1.08171,2636,349,1497,633532
2009/9/1,1.1776,6595,1.19959,2413,335,1421,549773
2009/9/8,0.97493,5755,0.952808,2147,322,1435,604004
2009/9/15,0.987132,5316,0.916032,1975,240,1405,580329
2009/9/22,0.995991,5334,0.926582,2027,249,1384,575664
2009/9/29,0.904726,4718,0.86962,1754,238,1347,542536
2009/10/6,0.941927,4691,0.903133,1753,222,1353,519414
2009/10/13,0.880415,4234,0.773776,1458,209,1284,547187
2009/10/20,0.842615,3950,0.742774,1323,198,1265,531790
2009/10/27,0.858382,3850,0.730934,1290,174,1250,526723
2009/11/3,0.83383,4077,0.786882,1381,209,1241,518121
2009/11/10,0.847437,4008,0.763051,1378,214,1212,525260
2009/11/17,0.888273,4518,0.841043,1485,198,1225,537190
2009/11/24,0.765372,4420,0.791573,1520,202,1235,558382
2009/12/1,0.91858,5007,0.912732,1564,204,1170,548573
2009/12/8,1.01432,5493,1.03398,1850,234,1198,531250
2009/12/15,1.01233,5510,0.934009,1720,253,1210,589930
2009/12/22,1.11803,6741,1.08189,2134,326,1206,623077
2009/12/29,1.11806,6387,1.06563,1995,294,1254,599366
2010/1/5,1.10939,8473,1.13505,2627,400,1838,746485
2010/1/12,1.24341,9347,1.25256,2953,444,1875,746230
2010/1/19,1.25726,9684,1.2457,3044,411,1907,777397
2010/1/26,1.25734,9904,1.26774,3226,420,1929,781234
2010/2/2,1.43414,11020,1.43723,3451,455,1947,766753
2010/2/9,1.51838,11807,1.53341,3927,511,1940,769982
2010/2/16,1.61617,13336,1.69445,4416,497,1921,787038
2010/2/23,1.84378,12079,1.9915,4598,550,1938,606527
2010/3/2,1.72535,13997,1.81305,5045,619,1964,772016
2010/3/9,1.87923,14958,2.01426,5060,627,1936,742606
2010/3/16,2.3371,18022,2.55659,6300,650,1916,704923
2010/3/23,3.03533,19899,3.38185,7295,838,1840,588406
2010/3/30,3.136,20346,3.43172,7478,1068,1887,592880
2010/4/6,2.53336,20026,2.69151,6584,1059,1923,744043
2010/4/13,2.91288,20721,2.91063,6238,953,1921,711908
2010/4/20,3.44497,26257,3.49232,7247,938,1964,751850
2010/4/27,4.16185,31975,4.0037,8007,931,1947,798637
2010/5/4,4.55159,34284,4.43534,8195,1197,1970,772974
2010/5/11,4.46504,34456,4.24215,8036,1096,1961,812230
2010/5/18,4.55124,36567,4.39719,8172,1293,1910,831600
2010/5/25,4.0822,31277,3.90256,7839,1267,1908,801449
2010/6/1,3.38812,24627,3.15073,6376,1146,1860,781629
2010/6/8,2.99142,20377,2.72422,5691,899,1829,747993
2010/6/15,2.61542,17309,2.33336,5363,804,1823,741807
2010/6/22,2.09065,14031,1.925,4400,613,1790,728883
2010/6/29,1.86146,12957,1.75243,4189,622,1770,739375
2010/7/6,1.61377,11498,1.57704,3701,508,1723,729089
2010/7/13,1.42199,9391,1.35766,3164,450,1681,691707
2010/7/20,1.3382,8695,1.31223,3139,428,1651,662612
2010/7/27,1.19995,7830,1.14937,2895,383,1612,681240
2010/8/3,1.14889,7307,1.11451,2532,393,1585,655627
2010/8/10,1.12194,7236,1.10984,2551,351,1556,651983
2010/8/17,1.06712,6530,1.0524,2353,305,1516,620485
2010/8/24,1.05058,6072,1.03536,2213,299,1381,586460
2010/8/31,1.15203,5946,1.11777,2249,307,1357,531954
2010/9/7,0.970975,5547,0.982949,2040,278,1296,564322
2010/9/14,0.894683,4989,0.925194,1812,262,1279,539238
2010/9/21,0.843568,4448,0.835531,1604,244,1251,532356
2010/9/28,0.815409,4218,0.832393,1472,210,1225,506732
2010/10/5,0.823052,4009,0.855591,1423,224,1211,468565
2010/10/12,0.674635,3721,0.706949,1255,188,1220,526346
2010/10/19,0.631883,3597,0.694387,1243,178,1203,518011
2010/10/26,0.641513,3538,0.687976,1251,169,1179,514262
2010/11/2,0.529813,3202,0.644743,1088,151,1175,496632
2010/11/9,0.644089,3523,0.67533,1207,158,1175,521671
2010/11/16,0.667718,3874,0.72823,1342,166,1191,531975
2010/11/23,0.705668,4444,0.806526,1505,220,1195,551005
2010/11/30,0.804155,4717,0.860408,1528,213,1200,548228
2010/12/7,0.907804,4813,0.936075,1622,185,1184,514168
2010/12/14,1.00555,5567,0.966683,1788,205,1196,575887
2010/12/21,1.03601,5822,0.996007,1816,242,1201,584534
2010/12/28,1.07583,6708,1.10846,2248,244,1213,605162
2011/1/4,1.16092,9365,1.20345,3106,377,1850,778182
2011/1/11,1.19785,9803,1.23777,3317,370,1883,791987
2011/1/18,1.27926,9958,1.25259,3324,379,1905,794995
2011/1/25,1.29194,10298,1.30546,3453,380,1900,788840
2011/2/1,1.42824,11396,1.45295,3634,387,1925,784334
2011/2/8,1.39803,11496,1.44089,3949,456,1946,797839
2011/2/15,1.45831,11721,1.46221,3923,474,1900,801594
2011/2/22,1.56548,10377,1.65573,4125,430,1918,626731
2011/3/1,1.34313,11479,1.46606,4237,413,1904,782984
2011/3/8,1.48139,11187,1.51811,3995,442,1898,736905
2011/3/15,1.63398,12137,1.66429,4579,546,1872,729258
2011/3/22,1.83126,11958,1.85274,5016,521,1851,645424
2011/3/29,2.10451,12356,2.12413,5243,668,1821,581697
2011/4/5,1.73625,11992,1.76709,4514,715,1891,678631
2011/4/12,1.55066,11543,1.5434,4059,611,1883,747894
2011/4/19,1.62891,11939,1.64762,4364,498,1887,724623
2011/4/26,1.76038,13209,1.6843,4766,513,1891,784244
2011/5/3,1.92728,14448,1.86354,5218,564,1885,775298
2011/5/10,1.91994,14624,1.86408,5028,565,1875,784516
2011/5/17,2.09951,15929,2.01839,5277,667,1884,789193
2011/5/24,2.23973,16137,2.10385,5246,761,1853,767022
2011/5/31,2.21921,16518,2.09555,5219,766,1826,788242
2011/6/7,2.16693,15763,2.10398,4811,629,1816,749198
2011/6/14,2.38913,17150,2.2941,5175,701,1819,747570
2011/6/21,1.96466,14524,1.92223,4422,609,1780,755579
2011/6/28,1.84229,13017,1.74239,3807,549,1753,747079
2011/7/5,1.68674,11930,1.67601,3582,572,1729,711808
2011/7/12,1.53136,10732,1.49637,3253,544,1707,717202
2011/7/19,1.37912,10123,1.38202,3001,393,1699,732480
2011/7/26,1.29515,9370,1.28926,2638,435,1675,726772
2011/8/2,1.39521,8999,1.35803,2509,455,1564,662649
2011/8/9,1.32522,8576,1.30833,2524,419,1546,655492
2011/8/16,1.23059,8062,1.26692,2465,375,1503,636347
2011/8/23,1.23028,7878,1.27731,2545,378,1415,616765
2011/8/30,1.26877,7153,1.2991,2480,350,1409,550614
2011/9/6,1.10782,6765,1.16297,2336,338,1365,581700
2011/9/13,1.09559,6133,1.08612,2231,300,1289,564670
2011/9/20,1.11031,6048,1.0568,2259,285,1295,572296
2011/9/27,1.10616,5786,1.07871,2168,288,1260,536380
2011/10/4,1.10816,5291,1.04662,1911,273,1271,505533
2011/10/11,0.999444,5185,0.928152,1913,220,1240,558637
2011/10/18,0.924199,4931,0.901936,1818,241,1223,546713
2011/10/25,0.949257,5103,0.915356,1752,283,1250,557488
2011/11/1,0.978903,5159,0.952548,1728,267,1240,541600
2011/11/8,0.925024,5026,0.916661,1660,284,1248,548294
2011/11/15,0.848456,5051,0.901787,1721,232,1238,560110
2011/11/22,1.04451,6141,1.03315,2098,296,1238,594395
2011/11/29,1.0986,6318,1.05238,1958,277,1238,600354
2011/12/6,1.22071,6296,1.12713,1886,318,1242,558585
2011/12/13,1.24976,7382,1.1866,2176,415,1252,622114
2011/12/20,1.22892,7656,1.21415,2295,348,1268,630563
2011/12/27,1.29393,7807,1.25198,2421,398,1248,623572
2012/1/3,1.23034,9395,1.20559,2773,415,1932,779285
2012/1/10,1.3278,10158,1.31929,2960,489,1940,769959
2012/1/17,1.33995,10585,1.32737,3202,488,1968,797444
2012/1/24,1.37842,10913,1.36688,3346,516,1958,798388
2012/1/31,1.50085,11061,1.50535,3326,484,1929,734781
2012/2/7,1.65163,12674,1.61273,3733,541,1974,785871
2012/2/14,1.76746,13623,1.75208,4034,597,1966,777534
2012/2/21,2.30609,14650,2.33365,4651,683,1968,627772
2012/2/28,2.16324,18521,2.2268,5102,953,2006,831730
2012/3/6,2.83038,24877,2.97657,6486,1071,2006,835762
2012/3/13,3.43761,29432,3.62552,7446,1262,1977,811800
2012/3/20,4.30554,34332,4.5532,8546,1648,1908,754019
2012/3/27,6.06082,36588,6.02598,9709,2554,1905,607171
2012/4/3,4.64931,34103,4.96368,8444,2792,1982,687051
2012/4/10,4.32584,39896,4.69072,8297,2796,1995,850531
2012/4/17,4.51113,39441,4.70473,8633,2316,2008,838326
2012/4/24,4.2171,32426,4.1646,7441,1765,1978,778610
2012/5/1,3.78956,29808,3.69533,6609,1574,1963,806640
2012/5/8,3.29206,24987,3.2363,5757,1207,1931,772086
2012/5/15,3.0197,22321,2.89421,5289,1045,1926,771229
2012/5/22,2.71499,20519,2.71742,5099,1023,1940,755092
2012/5/29,2.4845,19231,2.52297,4633,968,1893,762238
2012/6/5,2.57808,18829,2.55227,4791,858,1884,737736
2012/6/12,2.39237,17392,2.43225,4480,889,1846,715059
2012/6/19,2.06778,15254,2.10851,3957,741,1825,723449
2012/6/26,1.90281,13714,1.94725,3830,632,1811,704276
2012/7/3,1.65902,12273,1.74859,3516,675,1769,701881
2012/7/10,1.43006,10818,1.49713,3110,603,1742,722583
2012/7/17,1.27757,9188,1.32313,2707,491,1732,694415
2012/7/24,1.19009,8589,1.22647,2588,425,1711,700300
2012/7/31,1.09556,7986,1.19614,2439,370,1675,667648
2012/8/7,1.08589,7704,1.19049,2422,361,1630,647130
2012/8/14,1.07343,7317,1.17426,2431,393,1582,623114
2012/8/21,1.01677,6589,1.13342,2230,368,1489,581338
2012/8/28,1.04847,6190,1.14306,2109,357,1486,541528
2012/9/4,0.920349,5638,1.00881,1983,330,1421,558875
2012/9/11,0.920779,5539,1.02358,1969,277,1419,541138
2012/9/18,0.904333,5474,1.00138,1877,302,1405,546643
2012/9/25,0.83057,4915,0.909498,1703,285,1389,540408
2012/10/2,0.862837,4506,0.950042,1594,251,1357,474295
2012/10/9,0.732182,4510,0.829299,1576,219,1362,543833
2012/10/16,0.724558,4186,0.802109,1432,185,1341,521874
2012/10/23,0.740848,4233,0.806333,1416,221,1325,524969
2012/10/30,0.726037,3886,0.796937,1216,184,1290,487617
2012/11/6,0.755639,4075,0.779136,1367,198,1299,523015
2012/11/13,0.761847,4168,0.797653,1364,188,1276,522533
2012/11/20,0.779896,4317,0.825485,1331,232,1265,522965
2012/11/27,0.899138,5053,0.935469,1499,316,1260,540157
2012/12/4,0.999524,5626,1.04345,1681,311,1317,539175
2012/12/11,1.0558,6374,1.09107,1926,354,1307,584196
2012/12/18,1.0967,7110,1.20108,2175,365,1290,591969
2012/12/25,1.24709,7963,1.26179,2393,459,1364,631088
2013/1/1,1.15746,9677,1.13249,2974,456,1960,854487
2013/1/8,1.27184,10420,1.21121,3276,533,1990,860298
2013/1/15,1.31623,10658,1.25682,3483,500,2018,848016
2013/1/22,1.37444,12036,1.37097,3930,514,2027,877917
2013/1/29,1.46781,12502,1.42956,4045,531,2028,874537
2013/2/5,1.5834,13498,1.53588,4434,538,2017,878845
2013/2/12,1.60253,13927,1.60267,4643,578,2054,868987
2013/2/19,1.72344,15168,1.73267,4835,583,2012,875411
2013/2/26,2.11076,13975,2.09858,4937,639,2042,665926
2013/3/5,2.1708,18920,2.21374,5549,865,2055,854664
2013/3/12,2.36971,19398,2.41674,5501,802,2054,802651
2013/3/19,3.15997,24697,3.03071,6555,939,2009,814891
2013/3/26,4.59053,26988,4.38724,7814,1316,2007,615148
2013/4/2,4.28195,28654,4.2112,7488,1750,2033,680424
2013/4/9,3.56288,28147,3.46492,6233,1622,2059,812343
2013/4/16,3.36378,28370,3.31698,6007,1606,2049,855297
2013/4/23,3.39659,25502,3.2407,5878,1332,2062,786928
2013/4/30,3.11922,23484,2.88598,5133,1203,2051,813726
2013/5/7,2.83572,21085,2.62172,4729,1125,2051,804244
2013/5/14,2.48484,18195,2.34067,4210,969,2018,777340
2013/5/21,2.2741,17234,2.12059,4250,873,2025,812700
2013/5/28,2.07244,15914,1.91094,3953,890,1978,832786
2013/6/4,1.98207,15044,1.9023,3775,792,1944,790831
2013/6/11,1.82441,14024,1.76619,3616,816,1904,794024
2013/6/18,1.82036,14926,1.85791,3798,810,1922,803374
2013/6/25,1.75391,14661,1.82094,3523,772,1887,805133
2013/7/2,1.74542,14637,1.83453,3582,807,1866,797863
2013/7/9,1.67236,14206,1.75446,3574,786,1845,809707
2013/7/16,1.51659,11723,1.51636,3130,710,1810,773101
2013/7/23,1.44778,10814,1.40334,2846,658,1771,770592
2013/7/30,1.29028,9648,1.2593,2501,559,1746,766139
2013/8/6,1.37388,9775,1.32482,2789,528,1714,737834
2013/8/13,1.34208,9033,1.27576,2544,532,1660,708049
2013/8/20,1.34563,8797,1.29483,2733,483,1570,679395
2013/8/27,1.21291,7658,1.2261,2528,504,1554,624582
2013/9/3,1.19291,7229,1.14538,2383,398,1461,631143
2013/9/10,1.14146,6783,1.0678,2227,401,1461,635233
2013/9/17,1.06503,6369,1.07269,2159,388,1392,593740
2013/9/24,1.12669,6038,1.01298,2049,328,1411,596063
2013/10/1,0.947353,5352,0.994705,1865,308,1388,538049
2013/10/8,0.944187,5295,0.880862,1758,351,1394,601116
2013/10/15,0.934822,5083,0.858173,1582,361,1376,592305
2013/10/22,0.81736,4765,0.805152,1455,334,1372,591814
2013/10/29,0.852792,4942,0.818781,1450,326,1378,603580
2013/11/5,0.746994,4744,0.783735,1460,273,1382,605307
2013/11/12,0.761098,4980,0.848703,1528,311,1369,586778
2013/11/19,0.767627,5305,0.834146,1569,315,1371,635980
2013/11/26,0.862176,5799,0.905981,1684,307,1353,640080
2013/12/3,0.984907,6050,1.04506,1753,302,1352,578913
2013/12/10,1.16287,8130,1.16816,2300,396,1401,695966
2013/12/17,1.22731,8888,1.27649,2535,393,1405,696282
2013/12/24,1.2071,8874,1.29758,2522,428,1407,683887
2013/12/31,1.16191,10150,1.20612,2958,527,1937,841540
2014/1/7,1.30905,10977,1.32485,3055,548,1960,828544
2014/1/14,1.37072,11941,1.41192,3442,580,2000,845727
2014/1/21,1.43373,12292,1.42547,3455,531,2008,862314
2014/1/28,1.42791,12313,1.43909,3632,530,2053,855608
2014/2/4,1.61605,13853,1.61532,4277,565,2058,857601
2014/2/11,1.65976,14062,1.66473,4424,588,1997,844700
2014/2/18,2.05459,16674,2.0058,4740,642,2058,831289
2014/2/25,2.53541,17602,2.62227,5432,880,2067,671251
2014/3/4,2.54253,22905,2.60749,6185,1224,2097,878430
2014/3/11,3.60563,29172,3.4178,7424,1441,2069,853532
2014/3/18,4.90976,37382,4.46555,9270,2103,2016,837119
2014/3/25,5.98221,40533,6.11497,10363,3519,1984,662849
2014/4/1,5.47421,36891,5.30979,9732,4117,1983,694773
2014/4/8,4.21374,31483,4.07898,7160,3048,1958,771835
2014/4/15,4.21022,31204,3.93762,7044,2339,1971,792459
2014/4/22,4.25968,33221,4.15076,7840,2030,1966,800359
2014/4/29,3.97761,30621,3.87899,7118,1915,1955,789407
2014/5/6,3.63443,28151,3.45794,6656,1654,1950,814097
2014/5/13,3.26527,25218,3.06359,6429,1505,1917,823153
2014/5/20,2.93083,21109,2.82646,5537,1271,1907,746836
2014/5/27,2.54474,19178,2.3599,4823,1249,1934,812660
2014/6/3,2.47227,18441,2.33472,4639,1076,1912,789858
2014/6/10,2.35665,17833,2.21286,4710,1067,1907,805881
2014/6/17,2.17008,16695,2.07619,4559,997,1883,804117
2014/6/24,2.04297,16122,2.01267,4418,931,1848,801027
2014/7/1,1.954,14975,1.94192,4174,889,1819,771143
2014/7/8,1.72287,13733,1.74809,3903,878,1820,785602
2014/7/15,1.53694,12044,1.50367,3448,774,1813,800974
2014/7/22,1.38283,10860,1.43494,3182,640,1768,756827
2014/7/29,1.46265,11095,1.45673,3203,602,1753,761638
2014/8/5,1.38934,10694,1.42836,3106,589,1735,748690
2014/8/12,1.3468,9671,1.35297,2805,602,1688,714799
2014/8/19,1.25452,9024,1.33093,2754,470,1622,678023
2014/8/26,1.21636,7913,1.28422,2593,493,1579,616171
2014/9/2,1.16734,6946,1.13889,2211,462,1505,609891
2014/9/9,1.04654,6744,1.10343,2109,456,1455,611184
2014/9/16,0.943661,5850,0.970748,1734,408,1459,602628
2014/9/23,0.935046,5913,0.998681,1897,429,1445,592081
2014/9/30,0.934726,5232,0.978057,1678,380,1417,534938
2014/10/7,0.864118,5116,0.866431,1546,371,1428,590468
2014/10/14,0.806535,4870,0.827757,1487,341,1411,588337
2014/10/21,0.742747,4626,0.797572,1383,321,1401,580010
2014/10/28,0.737859,4605,0.811221,1415,300,1352,567663
2014/11/4,0.743224,4753,0.821165,1392,325,1364,578812
2014/11/11,0.805251,4750,0.819435,1330,291,1340,579668
2014/11/18,0.816943,5173,0.848041,1429,359,1356,609994
2014/11/25,0.814518,5648,0.888524,1687,354,1362,635661
2014/12/2,0.86067,5963,0.962826,1636,324,1354,619323
2014/12/9,0.886704,5970,1.02252,1714,329,1349,583853
2014/12/16,1.00845,7062,1.08392,1993,397,1369,651524
2014/12/23,1.06625,7704,1.17724,2178,432,1367,654414
2014/12/30,1.05995,7626,1.1716,2170,404,1332,650904
2015/1/6,1.22559,10049,1.24325,2849,621,1963,808287
2015/1/13,1.31066,10715,1.3234,3016,678,1976,809660
2015/1/20,1.3711,11584,1.40399,3263,653,1995,825079
2015/1/27,1.39171,11164,1.37629,3141,694,1999,811165
2015/2/3,1.43712,12423,1.46866,3563,692,2048,845875
2015/2/10,1.50165,12676,1.533,3746,745,2028,826877
2015/2/17,1.59805,13484,1.60841,3960,766,2023,838344
2015/2/24,1.89668,12158,1.90047,3974,703,2000,639738
2015/3/3,1.67728,14617,1.73645,4469,829,2040,841777
2015/3/10,1.78296,14986,1.81945,4575,873,2020,823657
2015/3/17,1.87336,15396,1.96571,5135,943,2000,783227
2015/3/24,2.32148,14839,2.42021,5377,1013,1978,613128
2015/3/31,2.40991,15679,2.41083,5700,1180,1949,650356
2015/4/7,1.94328,15654,1.98859,4775,1157,2004,787192
2015/4/14,1.99796,15517,1.98985,4574,1021,2005,779809
2015/4/21,2.11829,15661,2.1071,4804,954,2008,743249
2015/4/28,2.25112,18143,2.19256,5088,1007,2026,827482
2015/5/5,2.37116,18944,2.30014,5135,1072,2007,823602
2015/5/12,2.80035,21774,2.67574,5645,1179,2000,813755
2015/5/19,3.16475,24681,3.02427,5997,1370,1993,816098
2015/5/26,3.15183,26423,3.11328,6299,1390,1956,848718
2015/6/2,3.3321,28468,3.32788,6619,1440,1952,855439
2015/6/9,3.56024,30481,3.5918,6660,1630,1922,848628
2015/6/16,3.05479,24894,3.09262,5574,1471,1898,804948
2015/6/23,2.76732,21940,2.78803,5187,1282,1900,786936
2015/6/30,2.44161,19603,2.52371,4581,1201,1832,776752
2015/7/7,2.03348,16769,2.12928,3707,1130,1813,787543
2015/7/14,1.98593,16261,2.05142,3572,1031,1805,792672
2015/7/21,1.91514,15437,1.98957,3515,945,1774,775895
2015/7/28,1.69968,13836,1.7858,3157,901,1759,774777
2015/8/4,1.57635,11870,1.60144,2772,746,1742,741210
2015/8/11,1.3935,10707,1.4743,2871,665,1690,726244
2015/8/18,1.29941,9798,1.42286,2688,643,1626,688612
2015/8/25,1.18379,8787,1.38196,2612,618,1439,635835
2015/9/1,1.13723,7997,1.33712,2545,532,1482,598077
2015/9/8,1.04118,7201,1.13894,2293,518,1446,632252
2015/9/15,0.971814,6768,1.09641,2189,466,1440,617287
2015/9/22,0.863306,6024,0.999559,2062,386,1402,602666
2015/9/29,0.833797,5686,0.99095,1873,384,1382,573793
2015/10/6,0.784516,5118,0.931253,1646,383,1379,549582
2015/10/13,0.734327,5078,0.843118,1610,383,1392,602288
2015/10/20,0.698845,5044,0.840286,1670,375,1388,600272
2015/10/27,0.723099,4925,0.830065,1580,323,1393,593327
2015/11/3,0.663501,4596,0.790428,1455,315,1360,581457
2015/11/10,0.69276,4868,0.830826,1512,319,1329,585923
2015/11/17,0.710029,5265,0.856796,1644,306,1345,614499
2015/11/24,0.834232,6260,1.00746,1848,349,1356,621362
2015/12/1,0.992621,6504,1.05868,1815,341,1354,614349
2015/12/8,1.01605,6623,1.10028,1883,381,1347,601938
2015/12/15,1.07169,7639,1.1457,2026,452,1365,666755
2015/12/22,1.10163,8229,1.2189,2341,438,1363,675119
2015/12/29,1.18841,8505,1.31113,2413,483,1389,648678
2016/1/5,1.2019,10864,1.27386,3110,643,1946,852842
2016/1/12,1.23108,10997,1.29342,3207,678,1973,850228
2016/1/19,1.26796,11926,1.33097,3564,695,1983,896035
2016/1/26,1.36298,12648,1.42662,3786,700,2006,886570
2016/2/2,1.48535,13790,1.57071,4314,715,1999,877947
2016/2/9,1.55954,14258,1.65146,4703,758,1990,863356
2016/2/16,1.64783,15160,1.73309,4979,829,2000,874739
2016/2/23,1.91275,14208,2.03388,5032,867,2011,698566
2016/3/1,1.81725,16605,1.88331,5209,1056,2001,881694
2016/3/8,1.91433,16961,2.00292,5501,1047,2013,846813
2016/3/15,2.21003,18463,2.27731,5744,1019,2000,810736
2016/3/22,2.73568,21565,2.91465,6653,1421,1977,739882
2016/3/29,3.36832,24900,3.54919,7712,2145,1928,701569
2016/4/5,3.09689,24178,3.08102,6716,2230,2024,784740
2016/4/12,3.07346,24897,3.01875,6020,2082,1997,824746
2016/4/19,3.51643,28781,3.40446,6399,1930,2029,845391
2016/4/26,3.8027,31265,3.52869,6958,1823,2021,886023
2016/5/3,4.50313,36517,4.10665,7452,2093,2024,889216
2016/5/10,5.06308,42890,4.7551,8110,2646,2027,901978
2016/5/17,4.86009,41035,4.65163,7726,2637,1967,882163
2016/5/24,4.57916,40124,4.57049,7649,2808,1987,877892
2016/5/31,3.55674,30183,3.45522,6129,2181,1995,873547
2016/6/7,3.50417,28060,3.29505,5854,1918,1971,851580
2016/6/14,3.21511,25484,3.16426,5503,1780,1958,805370
2016/6/21,3.10088,27354,3.14433,5514,1838,1940,869946
2016/6/28,2.79056,24342,2.87936,5145,1624,1899,845397
2016/7/5,2.38547,19677,2.36977,4488,1333,1906,830332
2016/7/12,1.9703,15548,1.93853,3909,1171,1861,802052
2016/7/19,1.73442,13006,1.64064,3306,993,1845,792740
2016/7/26,1.56303,11924,1.4752,2997,928,1846,808298
2016/8/2,1.4128,10762,1.37755,2890,717,1795,781240
2016/8/9,1.27492,10202,1.33771,2751,721,1767,762648
2016/8/16,1.2834,9809,1.34686,2685,709,1746,728288
2016/8/23,1.16663,8564,1.26579,2341,647,1614,676574
2016/8/30,1.10977,7756,1.25701,2311,583,1569,617021
2016/9/6,1.04333,7510,1.16048,2412,591,1493,647145
2016/9/13,0.905151,6636,1.04834,2049,547,1470,633003
2016/9/20,0.902718,6240,0.992711,1930,498,1469,628582
2016/9/27,0.859531,5596,0.961603,1771,467,1422,581945
2016/10/4,0.818998,5326,0.955818,1728,418,1456,557219
2016/10/11,0.752505,4961,0.827597,1545,372,1405,599446
2016/10/18,0.731146,4747,0.811886,1549,419,1384,584688
2016/10/25,0.733295,4879,0.818527,1576,376,1377,596071
2016/11/1,0.73102,4899,0.829758,1529,433,1390,590413
2016/11/8,0.68834,4915,0.828503,1559,390,1386,593239
2016/11/15,0.732049,5230,0.885896,1603,412,1350,590363
2016/11/22,0.911188,6653,1.05351,1964,411,1379,631507
2016/11/29,1.02105,7133,1.11768,2076,503,1370,638196
2016/12/6,1.09495,7072,1.14028,2073,555,1384,620201
2016/12/13,1.09475,8304,1.13326,2372,628,1485,732755
2016/12/20,1.09775,8563,1.17589,2544,655,1484,728214
2016/12/27,1.18882,9079,1.23848,2840,640,1468,733077
2017/1/3,1.26682,12830,1.28278,3844,875,2205,1000168
2017/1/10,1.30662,13269,1.33419,4120,947,2233,994535
2017/1/17,1.34866,14319,1.41293,4409,974,2254,1013427
2017/1/24,1.51871,15826,1.57884,5003,1049,2251,1002381
2017/1/31,1.74793,17068,1.70723,5219,1062,2213,999750
2017/2/7,1.87047,18994,1.86372,6108,1129,2278,1019146
2017/2/14,2.06674,21615,2.09726,6805,1354,2281,1030631
2017/2/21,2.28188,19817,2.34372,6945,1445,2264,845535
2017/2/28,2.28528,23755,2.24895,7008,1830,2274,1056270
2017/3/7,2.5848,24979,2.49852,7230,1870,2263,999753
2017/3/14,3.36711,31533,3.20443,8297,2333,2255,984043
2017/3/21,4.71836,42664,4.4305,10464,3622,2204,962961
2017/3/28,5.72036,44986,5.46448,11301,5080,2122,823244
2017/4/4,5.77543,47282,5.37416,9426,5870,2235,879802
2017/4/11,5.9083,56922,5.54335,10082,6246,2251,1026852
2017/4/18,6.49095,62937,6.34203,12004,5551,2277,992379
2017/4/25,7.17799,77468,7.04897,13432,6091,2279,1098998
2017/5/2,7.52851,86095,7.79783,14854,5965,2265,1104089
2017/5/9,7.38424,87646,7.78892,15192,5871,2290,1125265
2017/5/16,6.46068,75987,6.83583,13340,5430,2215,1111598
2017/5/23,4.95341,52961,5.17354,10142,4189,2259,1023689
2017/5/30,3.67274,35932,3.55184,7190,2846,2194,1011645
2017/6/6,3.2037,29109,3.01348,6357,2289,2203,965961
2017/6/13,2.78869,25928,2.73862,5590,2121,2188,946753
2017/6/20,2.50234,23785,2.48438,5212,1969,2168,957380
2017/6/27,2.41065,20696,2.36593,4722,1743,2131,874750
2017/7/4,2.07542,19067,2.03306,4550,1696,2117,937849
2017/7/11,1.78234,16672,1.8062,4148,1449,2076,923041
2017/7/18,1.61608,14892,1.58958,3859,1116,2103,936850
2017/7/25,1.53992,14572,1.54077,3725,1101,2079,945759
2017/8/1,1.53115,13273,1.45326,3656,992,2005,913326
2017/8/8,1.29599,11617,1.28242,3443,902,1922,905868
2017/8/15,1.18904,11067,1.2243,3359,799,1966,903948
2017/8/22,1.24941,10646,1.23385,3384,866,1883,862825
2017/8/29,1.14134,9608,1.22391,3222,734,1789,785022
2017/9/5,0.988567,8688,1.04866,2845,654,1783,828488
2017/9/12,0.895433,7570,0.979381,2375,658,1738,772937
2017/9/19,0.892227,7374,0.94819,2313,616,1759,777692
2017/9/26,0.877636,6932,0.867741,2201,626,1720,798856
2017/10/3,0.77502,6249,0.822957,2000,549,1764,759335
2017/10/10,0.725956,6502,0.772384,1945,587,1769,841809
2017/10/17,0.68266,5786,0.707466,1741,469,1732,817849
2017/10/24,0.640527,5496,0.686508,1665,463,1728,800573
2017/10/31,0.64106,5617,0.68859,1620,454,1708,815725
2017/11/7,0.706465,5864,0.736093,1727,476,1670,796639
2017/11/14,0.708668,6542,0.806323,1989,478,1705,811337
2017/11/21,0.825743,7309,0.954211,2237,515,1601,765973
2017/11/28,0.864409,8117,0.962249,2447,542,1661,843545
2017/12/5,1.10114,9536,1.14153,2817,621,1693,835370
2017/12/12,1.15244,10063,1.14726,2774,689,1689,877135
2017/12/19,1.20257,11190,1.31197,3242,729,1666,852916
2017/12/26,1.25033,11714,1.37701,3471,669,1694,850685
2018/1/2,1.41846,17839,1.42429,4857,1290,2565,1252483
2018/1/9,1.40418,18561,1.48151,5307,1321,2609,1252846
2018/1/16,1.47401,19930,1.59449,5582,1398,2586,1249933
2018/1/23,1.64257,21616,1.72683,6242,1444,2646,1251776
2018/1/30,1.79275,23154,1.84522,6864,1450,2633,1254812
2018/2/6,1.87043,24073,1.93069,7504,1450,2645,1246860
2018/2/13,1.98387,24347,2.09114,7805,1480,2631,1164292
2018/2/20,2.24169,24612,2.41082,8598,1699,2586,1020898
2018/2/27,2.14883,29080,2.25019,8885,2076,2640,1292335
2018/3/6,2.25531,28356,2.30458,8803,1861,2633,1230419
2018/3/13,2.64571,33098,2.73758,10150,1980,2622,1209022
2018/3/20,3.14075,38236,3.24643,11507,2479,2571,1177786
2018/3/27,3.97127,43904,4.19267,13586,3523,2545,1047161
2018/4/3,3.46125,42094,3.63499,11675,4260,2609,1158023
2018/4/10,3.07707,38752,3.14077,9344,3443,2629,1233836
2018/4/17,3.32915,41109,3.36551,9668,2943,2633,1221478
2018/4/24,3.81999,46113,3.89305,10728,2853,2614,1184495
2018/5/1,4.3419,55187,4.5253,11606,3251,2639,1219521
2018/5/8,4.88288,69442,5.21525,13828,4084,2644,1331519
2018/5/15,5.04211,69978,5.43173,14224,4274,2628,1288318
2018/5/22,4.88596,66345,5.2776,13612,4478,2623,1257106
2018/5/29,4.5499,58735,4.59585,11622,4131,2634,1278001
2018/6/5,4.38001,55348,4.40341,11146,4052,2614,1256934
2018/6/12,4.2288,53133,4.13279,10975,4176,2622,1285646
2018/6/19,3.68449,44786,3.56166,9559,3775,2596,1257449
2018/6/26,3.08744,37844,3.05634,8621,3183,2587,1238213
2018/7/3,2.69971,32905,2.68251,7591,2800,2597,1226648
2018/7/10,2.28549,27803,2.26747,6739,2317,2542,1226170
2018/7/17,2.01443,23122,1.96931,6319,1874,2517,1174114
2018/7/24,1.7141,20583,1.72372,5689,1735,2490,1194101
2018/7/31,1.56927,18848,1.57693,5362,1537,2459,1195232
2018/8/7,1.49991,17096,1.46086,4785,1357,2415,1170273
2018/8/14,1.50211,16349,1.50759,4614,1356,2302,1084443
2018/8/21,1.42357,15747,1.40452,4597,1367,2205,1121166
2018/8/28,1.39457,14770,1.40617,4437,1301,2179,1050372
2018/9/4,1.21776,13433,1.23921,3930,1205,2235,1083994
2018/9/11,1.11351,11618,1.10622,3350,1048,2139,1050239
2018/9/18,0.992293,10678,1.01351,3046,928,2141,1053569
2018/9/25,0.947072,9986,0.959926,2940,859,2063,1040288
2018/10/2,0.876088,8549,0.873735,2433,768,2111,978443
2018/10/9,0.809956,8422,0.795831,2344,737,2090,1058265
2018/10/16,0.755431,8111,0.768849,2219,704,2132,1054954
2018/10/23,0.73346,7755,0.748185,2128,615,2117,1036508
2018/10/30,0.72729,7874,0.758451,2348,603,2128,1038168
2018/11/6,0.754637,8038,0.77011,2089,758,2146,1043747
2018/11/13,0.730938,8987,0.834825,2630,694,2178,1076513
2018/11/20,0.840615,10096,0.942052,2907,716,2147,1071703
2018/11/27,0.989217,11817,1.07895,3394,770,2169,1095230
2018/12/4,1.14059,13158,1.20634,3801,868,2189,1090741
2018/12/11,1.23272,14831,1.2757,3905,959,2221,1162580
2018/12/18,1.24529,15977,1.39156,4463,1025,2198,1148137
2018/12/25,1.33771,17414,1.49698,4970,1100,2180,1163278
2019/1/1,1.49064,21915,1.50415,6218,1448,2896,1456967
2019/1/8,1.59269,22953,1.59823,6550,1603,2924,1436150
2019/1/15,1.72517,24857,1.73838,7273,1649,2950,1429897
2019/1/22,1.83428,27419,1.8605,7892,1793,2980,1473740
2019/1/29,2.04049,28910,2.01425,8658,1762,2989,1435277
2019/2/5,2.39351,34586,2.36364,10557,1843,3007,1463253
2019/2/12,2.63245,37728,2.64431,11446,1968,2976,1426760
2019/2/19,2.91944,44148,2.97548,12714,2148,2971,1483729
2019/2/26,3.41066,43817,3.44787,14389,2366,2971,1270842
2019/3/5,3.2622,48877,3.31577,13839,2777,2977,1474075
2019/3/12,3.94308,56444,3.86928,14728,2903,2947,1458774
2019/3/19,5.06529,71584,5.02757,17999,3349,2913,1423829
2019/3/26,7.06161,95757,7.15315,24097,5401,2905,1338669
2019/4/2,5.91974,88681,6.22926,21564,6876,2957,1423620
2019/4/9,4.94176,75585,5.06974,15547,5464,2987,1490905
2019/4/16,5.33174,79746,5.35782,16587,4728,2983,1488404
2019/4/23,6.08106,90072,6.0261,18558,4670,2984,1494697
2019/4/30,6.74724,108307,6.87271,20299,5475,2984,1575900
2019/5/7,6.7998,111289,7.08261,20270,5702,2994,1571300
2019/5/14,6.11292,95418,6.22068,17393,5457,2958,1533883
2019/5/21,5.55671,79832,5.62148,15233,5142,2909,1420123
2019/5/28,5.12279,74809,5.10226,13817,5107,2934,1466192
2019/6/4,5.26652,78779,5.28928,13888,5698,2901,1489410
2019/6/11,5.67081,89571,6.29229,14149,6686,2836,1423503
2019/6/18,6.38029,78584,7.35285,10790,6986,2798,1068755
2019/6/25,4.91692,53142,6.22687,5129,6458,2727,853431
2019/7/2,3.78625,36251,4.82995,2359,5380,2684,750546
2019/7/9,2.80122,24974,3.47366,1496,4014,2686,718953
2019/7/16,2.12879,18265,2.57382,1068,2926,2666,709645
2019/7/23,1.73315,15164,2.02032,926,2293,2652,750576
2019/7/30,1.40932,12817,1.62094,864,1896,2624,790715
2019/8/6,1.18336,11066,1.35262,729,1622,2611,818113
2019/8/13,1.11451,10480,1.23819,788,1449,2601,846400
2019/8/20,1.00534,11735,1.07598,1224,1586,2971,1090638
2019/8/27,0.88827,9614,0.885843,805,1461,2950,1085294
2019/9/3,0.814062,9325,0.819928,802,1409,2931,1137295
2019/9/10,0.836751,9580,0.814575,881,1378,2902,1176074
2019/9/17,0.928456,11866,0.950979,1006,1471,2935,1247767
2019/9/24,1.14217,15499,1.20306,1216,1902,2896,1288294
2019/10/1,1.27401,17843,1.38424,1395,2223,2897,1289006
2019/10/8,1.34951,20046,1.47311,1545,2632,2918,1360798
2019/10/15,1.34471,19260,1.43761,1658,2436,2894,1339726
2019/10/22,1.22153,16533,1.21898,1634,2145,2953,1356301
2019/10/29,1.15258,15524,1.15067,1609,2114,2992,1349125
2019/11/5,1.0626,14117,1.05662,1570,1938,2956,1336052
2019/11/12,0.979884,13193,0.981699,1592,1758,2978,1343895
2019/11/19,0.969202,12952,0.961833,1804,1666,2930,1346595
2019/11/26,1.00022,13159,0.970543,1866,1489,2967,1355839
2019/12/3,0.920817,12316,0.919002,1759,1479,2921,1340149
2019/12/10,1.0355,13035,0.978032,1999,1446,2915,1332779
2019/12/17,0.974333,13049,0.955677,2070,1487,2943,1365420
2019/12/24,1.06462,14586,1.03845,2286,1578,2941,1404590
2019/12/31,1.09211,16466,1.08024,2454,1844,3246,1524289
2020/1/7,1.21201,19144,1.19451,2558,2320,3318,1602667
2020/1/14,1.11151,17235,1.09796,2313,2101,3301,1569727
2020/1/21,1.18662,18133,1.15393,2454,2174,3330,1571417
2020/1/28,1.25262,18554,1.18924,2512,2292,3421,1560158
2020/2/4,1.44427,21370,1.33759,2726,2453,3425,1597645
2020/2/11,1.48969,22598,1.37845,2776,2873,3391,1639379
2020/2/18,1.56064,22709,1.43236,2692,2895,3334,1585429
2020/2/25,1.61944,21313,1.49959,2484,3192,3333,1421255
2020/3/3,1.57347,22251,1.44967,2597,3135,3339,1534905
2020/3/10,1.51939,22103,1.42617,2504,3321,3358,1549810
2020/3/17,1.50599,20874,1.39797,2482,3145,3299,1493163
2020/3/24,1.55485,19836,1.45725,2323,3404,3301,1361197
2020/3/31,1.58903,22423,1.53781,2583,3668,3280,1458113
2020/4/7,1.47519,22711,1.4348,2414,3413,3316,1582870
2020/4/14,1.28752,19018,1.2606,2297,2830,3278,1508647
2020/4/21,1.25172,18350,1.21098,2566,2542,3315,1515305
2020/4/28,1.10177,16896,1.12283,2558,2237,3324,1504764
2020/5/5,1.16565,16098,1.08237,2636,1927,3295,1487296
2020/5/12,1.00609,14079,0.975086,2552,1572,3246,1443873
2020/5/19,0.986101,12591,0.907555,2318,1503,3256,1387354
2020/5/26,0.864388,13344,0.860857,2543,1521,3276,1550083
2020/6/2,0.828056,13000,0.842356,2771,1347,3278,1543291
2020/6/9,0.882103,14077,0.902897,3218,1371,3284,1559093
2020/6/16,0.908033,14574,0.939382,3514,1359,3227,1551445
2020/6/23,0.947577,15354,0.96011,3817,1354,3201,1599192
2020/6/30,0.975225,15993,0.998141,4116,1265,3257,1602279
2020/7/7,1.06101,18100,1.07796,4731,1355,3277,1679101
2020/7/14,1.08091,19165,1.1089,5227,1383,3282,1728295
2020/7/21,1.10326,19305,1.1502,5763,1451,3248,1678407
2020/7/28,1.13361,20099,1.1834,6326,1418,3256,1698411
2020/8/4,1.14992,19930,1.20915,6822,1288,3227,1648268
2020/8/11,1.19092,20367,1.25462,7365,1308,3214,1623366
2020/8/18,1.24677,21262,1.26333,8352,1333,3193,1683010
2020/8/25,1.14504,19675,1.19095,7953,1175,3141,1652047
2020/9/1,1.18454,20143,1.25187,8502,1240,3140,1609033
2020/9/8,1.12943,19182,1.14521,8096,1222,3110,1674977
2020/9/15,1.18866,19579,1.18174,8503,1189,3068,1656791
2020/9/22,1.21202,19890,1.21001,8514,1301,3057,1643793
2020/9/29,1.21342,20092,1.21283,8369,1291,3055,1656615
2020/10/6,1.26676,22371,1.32905,8719,1508,3055,1683237
2020/10/13,1.38728,25261,1.44269,9193,1710,3067,1750965
2020/10/20,1.6475,30545,1.70926,10371,2149,3067,1787028
2020/10/27,1.80199,35195,1.91065,11132,2628,3050,1842048
2020/11/3,1.94952,37756,2.05206,11102,2883,3050,1839909
2020/11/10,2.03548,40067,2.15548,11264,2917,3042,1858843
2020/11/17,2.1918,42721,2.30581,11801,2893,3029,1852756
2020/11/24,2.23897,43058,2.30752,11982,2826,3028,1865986
2020/12/1,2.26643,40864,2.25253,11745,2623,3027,1814136
2020/12/8,2.21298,39421,2.21275,11705,2645,3021,1781535
2020/12/15,2.045,36193,2.00464,11248,2304,3059,1805463
2020/12/22,1.90124,33976,1.93759,10916,2062,3037,1753523
2020/12/29,1.8442,29949,1.84367,10133,1834,2877,1624427
2021/1/5,2.03726,39606,1.96383,13160,2580,3590,2016770
2021/1/12,1.94864,37639,1.90565,13073,2485,3580,1975130
2021/1/19,1.92538,35684,1.86005,12494,2350,3538,1918446
2021/1/26,1.9789,36616,1.89307,12858,2358,3572,1934216
2021/2/2,2.1334,39986,2.08583,13295,2368,3578,1917029
2021/2/9,2.25788,44242,2.22432,14559,2724,3601,1989010
2021/2/16,2.41079,47047,2.35599,14735,2808,3591,1996913
2021/2/23,2.51762,43297,2.45722,14913,3102,3584,1762035
2021/3/2,2.55244,52671,2.56131,15161,4005,3608,2056405
2021/3/9,2.72476,55027,2.71523,14968,3886,3613,2026604
2021/3/16,3.14645,62539,3.09817,16285,3961,3584,2018579
2021/3/23,4.00686,79184,4.07763,18514,5304,3564,1941911
2021/3/30,4.90468,113921,5.07044,24118,8997,3532,2246767
2021/4/6,4.32906,93323,4.28249,17048,7939,3562,2179176
2021/4/13,3.5344,69158,3.41512,12222,6178,3568,2025052
2021/4/20,2.82024,48685,2.68756,9526,4555,3573,1811493
2021/4/27,2.06558,34720,1.96884,7300,3508,3554,1763472
2021/5/4,1.68092,25809,1.55907,6083,2552,3488,1655407
2021/5/11,1.44022,23719,1.33898,6395,2153,3548,1771418
2021/5/18,1.48974,23930,1.37013,6915,1798,3545,1746548
2021/5/25,1.46266,23620,1.369,7065,1767,3546,1725348
2021/6/1,1.58728,25789,1.42265,7422,1674,3541,1812738
2021/6/8,1.70339,28073,1.54633,8209,1770,3563,1815454
2021/6/15,1.83335,31342,1.6781,9041,2075,3535,1867703
2021/6/22,1.87057,32433,1.73106,9306,2169,3531,1873589
2021/6/29,1.97612,34811,1.85385,9612,2405,3518,1877763
2021/7/6,2.07126,38128,1.99356,10560,2548,3526,1912563
2021/7/13,2.16302,40953,2.12932,11334,2828,3518,1923288
2021/7/20,2.20418,42072,2.1826,11732,3115,3530,1927606
2021/7/27,2.24681,44980,2.21199,12656,3336,3520,2033467
2021/8/3,2.3613,47787,2.41398,12834,3321,3442,1979594
2021/8/10,2.48314,53380,2.58986,14818,3852,3465,2061117
2021/8/17,2.45354,54062,2.60388,15053,3834,3449,2076213
2021/8/24,2.39624,53992,2.64837,15267,3715,3409,2038685
2021/8/31,2.4335,51879,2.6443,15815,3903,3381,1961919
2021/9/7,2.16334,45240,2.29319,14154,3765,3373,1972798
2021/9/14,1.98842,40250,2.07391,12858,3581,3335,1940774
2021/9/21,1.87678,37830,1.91799,11865,3620,3387,1972377
2021/9/28,1.80274,34570,1.80161,11066,3461,3267,1918841
2021/10/5,1.81978,34995,1.79341,10585,3736,3379,1951308
2021/10/12,1.67886,33011,1.66862,9525,3505,3346,1978336
2021/10/19,1.65939,32613,1.64675,9361,3432,3348,1980449
2021/10/26,1.67083,32040,1.64792,9153,3487,3323,1944269
2021/11/2,1.52259,29647,1.51365,8661,3107,3346,1958644
2021/11/9,1.50755,28923,1.51374,8392,2904,3285,1910699
2021/11/16,1.60507,31572,1.6191,9479,2681,3329,1949974
2021/11/23,1.83793,35788,1.80999,10793,2593,3318,1977251
2021/11/30,1.96433,37529,1.89497,11526,2452,3299,1980457
2021/12/7,2.02422,38334,1.94821,12548,2632,3324,1967653
2021/12/14,2.0351,39760,1.9706,13400,2440,3350,2017659
2021/12/21,2.28352,44666,2.19756,15938,2480,3361,2032523
2021/12/28,2.36029,46154,2.29168,17047,2644,3383,2013977
2022/1/4,2.6164,57265,2.59214,18489,3861,3677,2209181
2022/1/11,2.99891,63479,2.85495,20644,4078,3720,2223474
2022/1/18,3.37994,75754,3.32252,23748,4520,3726,2280017
2022/1/25,4.41266,109495,4.44687,32012,5858,3787,2462295
2022/2/1,5.49151,139350,5.55051,37499,6833,3776,2510581
2022/2/8,5.80896,140180,5.67705,38676,7628,3793,2469240
2022/2/15,5.95924,137413,5.73537,34849,8498,3776,2395886
2022/2/22,7.51527,165087,7.37714,39572,12455,3765,2237819
2022/3/1,7.2708,185809,7.24465,38516,16902,3767,2564777
2022/3/8,6.86862,167361,6.83313,32343,15047,3750,2449257
2022/3/15,6.3706,151798,6.46692,29003,13589,3751,2347298
2022/3/22,6.01537,130081,6.14511,25519,13718,3715,2116823
2022/3/29,5.37353,112622,5.47003,22906,15468,3703,2058891
2022/4/5,4.02019,92164,4.0825,16679,13185,3740,2257541
2022/4/12,2.99695,67801,3.06136,12240,8402,3736,2214734
2022/4/19,2.68318,57869,2.71084,11737,6306,3731,2134722
2022/4/26,2.66883,58325,2.67604,12189,5366,3717,2179530
2022/5/3,2.6269,59429,2.69061,12704,5288,3734,2208758
2022/5/10,2.63433,62341,2.70845,13283,5647,3735,2301725
2022/5/17,2.62938,59772,2.6426,13154,5415,3691,2261860
2022/5/24,2.57564,57335,2.59221,13501,5417,3715,2211815
2022/5/31,2.45067,55786,2.44898,12703,5111,3723,2277928
2022/6/7,2.39209,54757,2.40906,12862,4719,3718,2272963
2022/6/14,2.39,54335,2.44362,13096,4815,3701,2223543
2022/6/21,2.31857,55367,2.41728,13040,4694,3652,2290470
2022/6/28,2.29891,53394,2.35614,12422,4650,3671,2266160
2022/7/5,2.17241,48371,2.21401,11587,4348,3659,2184767
2022/7/12,2.0493,46672,2.07749,11151,4348,3638,2246552
2022/7/19,1.94479,44179,1.95182,9878,4030,3642,2263481
2022/7/26,1.94451,44413,1.97291,9957,3633,3621,2251140
2022/8/2,1.99058,44233,2.00206,9616,3751,3472,2209376
